Tweet,Message,Match,Polarity
1,Konosubastuff whats canada,canada,Neutral
2,RT CBCCanada Canadas Kim Boutin sets short track world record in womens m httpstcowVqjRQtUXr httpstcodHmNEWQgHL,httpstcodHmNEWQgHL,Neutral
3,"RT mannyottawa Canada vs Quebec 

Immigration values test   vs 
Bill  no religious wear   vs 
Dumping sewage in rivers   vs",rivers,Neutral
4,So today consisted of coffee and a catch up with the lovely sparklyang followed by hours of researching and booki httpstcoulBLyyYKW,lovely,Positive
5,turneresq MLS realsaltlake I had some interesting conversations about team partnerships and how MLS partnerships httpstcodJlvbXmXM,interesting,Positive
6,"How have they been so easily dismantled in countries like Canada and the UK
Countries with reputations as leaders httpstcoJfcbTNvE",like,Positive
7,mega Ok I bought both of these but please Im begging you to make them available in longsleeve Theyd both be b httpstcoEmiYFJBZ,begging,Negative
8,"RT FairVoteCanada This  This is why electoralreform matters
JustinTrudeau theJagmeetSingh ElizabethMay
 
New Zealand got rid of ",of,Neutral
9,"RT cravecreative Yes He is definitely following orders amp yes he is breaking this country apart
No doubt in my mind No one does this to",breaking,Negative
10,"RT DetmerMike This is what happens when the government decides if you live or die

httpstcoCuvgfLNh",die,Negative
11,"RT mannyottawa Canada vs Quebec 

Immigration values test   vs 
Bill  no religious wear   vs 
Dumping sewage in rivers   vs",rivers,Neutral
12,"RT mannyottawa WARNING  
If you are triggered about ClimateCrisis and as afraid as GretaThunberg dont read this tweet

China
",afraid,Negative
13,Goodnight All We could of had this Canada could have been saved But stupidity in Ontario Quebec and Atlantic Ca httpstcohIftnNAjo,stupidity,Negative
14,RT ballsdotie The Irish Womens Hockey Team have qualified for the  Olympics in Tokyo after a dramatic penalty shootout win over Can,qualified,Positive
15,"RT Lawsome This law is disturbingly broad and is rightly being challenged

Watch what you tweet new election law chills speech say",disturbingly,Negative
16,askmeek MeekMill Will you be coming to Canada soon,soon,Neutral
17,RT JanisIrwin When I arrived here I felt that this country and the Edmonton community saved my life and they brought me here so I have,have,Neutral
18,RT amandarachlee this video genuinely disgusts me canada is unabashedly multicultural speak whatever language you want here  httpst,unabashedly,Positive
19,RT TorontoStar Asylum seekers who were turned away by Canada at the CanadaUS border will finally have their day in court to explain wh,wh,Neutral
20,RT Mariola Canadas seniors are becoming the new face of homelessness  Trudeau is turning Canada into third world country but w,w,Neutral
21,OMG  OMG this is horrible  Fires in the States Canada AustraliaThe planet mother nature is about to r httpstcokJzaJRdv,horrible,Negative
22,"RT barstoolsports Shut down Canada and start it all over

httpstcoJuvzzISQy",httpstcoJuvzzISQy,Neutral
23,RT ssolyom Canadian voters already held the CPCHQ to account for their relentless reckless lying But it would be nice if you could st,relentless,Negative
24,"RT CoryBMorgan billion Pacific NorthWest LNG project by Petronas Bhd CANCELLED 

 Nexens billion Aurora LNG project CANCELLED",Aurora,Neutral
25,"RT WBrettWilson Maybe explain the absence of policy adding a carbon tax to COAL we ship in ever increasing quantities to China

Hint  w",absence,Negative
26,RT BenWFG Super excited for this Theres no one better than CurlRockStars to represent Quebec and Canada at the Grand Slam Novembre ,excited,Positive
27,"RT mannyottawa Canada vs Quebec 

Immigration values test   vs 
Bill  no religious wear   vs 
Dumping sewage in rivers   vs",rivers,Neutral
28,Pattihatestrump We use paper ballots in Canada Works great Try it,great,Positive
29,RT mannyottawa So basically Michael Wernick Canadas  unbiased TOP Bureaucrat helped TrudeauCorruption obstruct Justice then used Jus,unbiased,Positive
30,SteveDonohoe GinaMarieGMA winburnkim LGrand FaIILucifer itsJeffTiedrich realDonaldTrump Canada is a to httpstcoNQyjTkSF,httpstcoNQyjTkSF,Neutral
31,About time IMO Watch what you tweet new election law httpstcoVtvrstdPw,httpstcoVtvrstdPw,Neutral
32,RebelNewsOnline ezralevant SheilaGunnReid stirlingmg Always thought of Alberta as one of the bedrock provinces httpstcoBPPJLkSk,httpstcoBPPJLkSk,Neutral
33,RT ltmcdies This whole thread is interesting glimpse into the mindset of wexit  but after reading their myth of Canada thing  it so,interesting,Positive
34,RT resolutefp The boreal forest is thriving  of harvested areas in Canada are regenerated  its the law httpstcoCMgadjekhN ht,thriving,Positive
35,"RT barstoolsports Shut down Canada and start it all over

httpstcoJuvzzISQy",httpstcoJuvzzISQy,Neutral
36,RT gtlem AB Premier Jason Kenney is playing a dangerous game  The more he bashes Justin Trudeau the less sympathy the rest of Canada,dangerous,Negative
37,RT JanisIrwin When I arrived here I felt that this country and the Edmonton community saved my life and they brought me here so I have,have,Neutral
38,So Alberta picks a fight with bc and turns off the tapes and we pay  cents more a litre for gas and yet they th httpstconfeNkDAsfy,httpstconfeNkDAsfy,Neutral
39,Click the link in our bio to see currently open Sales RetailSales jobs like Full Time Sales Associates at Leons in Toronto ON Canada,like,Positive
40,hwanwoong IM LITERALLY SO EXCITED FOR THE VIDEOS AHHH  Watching from Canada,Canada,Neutral
41, November  YELLOW music instruments musicalinstrument saxophone cello sculpture art random httpstcoGVacExgm,httpstcoGVacExgm,Neutral
42,sharynsully mrmokeycat SiameseRescueUK Miameeze TuppenceMeezer MeesSiameseCat CocoNPops MiaandManu httpstcozEqdmNm,httpstcozEqdmNm,Neutral
43,RT AlwynFJH Twitter Im only telling you this bc in the Referendum my flatmates were from NZ Canada amp Australia and NONE of them knew t,t,Neutral
44,RT garyfeltham Business investment in Canada is at a year low Why because the Trudeau Liberals are economic illiterates httpst,httpst,Neutral
45,FPVaughanIII This judge needs to be fired Not my Canada,Canada,Neutral
46,"RT TBAMBB UNBBasketball MUNSeahawks  stalwarts

Jashajuan Downey  hes the  PG in Canada Trust the pedigree

Elliot Dimacul",Dimacul,Neutral
47,RT RoyalCdnLegion Project Trauma Support is grateful to the Legion for this generous financial support These funds will allow us to off,grateful,Positive
48,He brought the Uggs and a Canada Goose ,Goose,Neutral
49,RT freshdaily A man in Northern Ontario captured footage of an albino moose aka the Canadian unicorn    Nicole Leblanc canada moose,canada,Neutral
50,Government of Nunavut network hit by ransomware attack httpstcohGTqloABn Nunavut government security ransomware,attack,Negative
51,nawt them replying all i wanted was a superm x air canada safety video KDNFMDKSKSK,KDNFMDKSKSK,Neutral
52,RT ONTSpecialNeeds Cellphone ban takes effect Monday for Ontario students  CBC News httpstcovhHShsWg,httpstcovhHShsWg,Neutral
53,gilmcgowan Wait a minute dont we already have TM Does anyone think canada would shut down that pipe if we leave httpstcogGzZRoF,httpstcogGzZRoF,Neutral
54,"RT  SPhilip johnjakester I expect they demand some explanation on how this election was conducted
httpstcoHsdbCri
E",E,Neutral
55,RT nanbgood When Mother Nature says move thats what you do  I remember seeing this ship when I visited Niagara Falls over  years a,a,Neutral
56,RT angelamorales Joseflor hostiIekyle Im so glad I live in  where gay marriage has been legal since  where people dont e,glad,Positive
57,JohnKleinRegina michaelmaguire dinky KwalkerAD WalkerBragman Not in Canada,dinky,Negative
58,taylorrjoan GregAbbottTX The Doctor is far from free despite the legends that seem to travel the world  That httpstcorpJDGSHQ,free,Positive
59,qamarchaudhry UmarCheema Matiullahjan While sitting in Canada ampasking for independence aaaaaa thu ha tera httpstcoHvitpqaJ,httpstcoHvitpqaJ,Neutral
60,RT presscoreca Technically Justin Trudeau was defeated in the  election Canadas Governor General and House of Commons considers a,defeated,Positive
61,RT maureenpolitics Im at a total loss as to the hate geared toward the west I have always loved Canada but lately Im more and more uns,loss,Negative
62,thEMANacho Bro thats not AMERICAN thats fing Canada,Canada,Neutral
63,"RT adriearsenault And there is a lovely surprising story about a moment in Canada that changed the course of her life
Thank you Ambass",lovely,Positive
64,Some win for Ireland in the hockey tonight versus Canada Shout out to Limericks Róisín Upton  httpstcozlkazEqy,win,Positive
65,RT presscoreca Technically Justin Trudeau was defeated in the  election Canadas Governor General and House of Commons considers a,defeated,Positive
66,mountainknt RobertPiacente Hi Im in western Canada  When we were on the acreage the ferns that were on the httpstcopTJdEwWcK,httpstcopTJdEwWcK,Neutral
67,RT Swiftie And the unionizing of newsrooms by UniforTheUnion has had an appalling impact on media credibility And despite taxpayer su,appalling,Negative
68,RT Mariola Canadas seniors are becoming the new face of homelessness  Trudeau is turning Canada into third world country but w,w,Neutral
69,PROMO CODE ALERT  Off Orders Over  Code  OVER CANADA  PLUS Use this link  httpstcoXxprIQ,httpstcoXxprIQ,Neutral
70,RT Nikothepico When u talk to white americans about white canada httpstcosVhdfbAPJ,httpstcosVhdfbAPJ,Neutral
71,Thanks again morality killing Liberals,morality,Positive
72,"RT CanadaOooh cdnpoli
canpoli
Alberta

Political analyst Susan Riley makes  excellent points

 Albertas aggressive stance is kill",excellent,Positive
73,"RT  OldCoot DawsonMdhoust Ryaoli MarkFriesen TomTSEC Some ElectionFraud loopholes
 no mandatory citizenship ID
 vot",loopholes,Negative
74,RT BlaszczykBrock Rest easy brother let there be no more pain I remember when I went to Afghanistan damn near every car and business win,easy,Positive
75,RT HenryBloggins COMMENTARY Why did Canada send a team to the Military World Games in China httpstcoaSWAWKT,httpstcoaSWAWKT,Neutral
76,No comment Honest no comment Seriously Im saying nothing on behalf of anyone not even me which is standard f httpstcoOYgLIxGa,httpstcoOYgLIxGa,Neutral
77,RT ArthurAtkinson Id rather give the money to Quebec httpstcoubPLEY,httpstcoubPLEY,Neutral
78,prettypenguinme Diablo You guys dont give a shit about real estate speculation in the states and canada so you gu httpstcoxwxuxjCDP,shit,Negative
79,RT PatBruc ClarityWhisper sunnshiiny And if anyone thinks this is isolatedamp not supported by CPCKenneyIDUwar room  think againThese,supported,Positive
80,Much like the new DUI laws guilty until proven anti constitutional after losing a lot of money,like,Positive
81,Not only New Zealand You know that Australia Canada US Europe have a lots of spy,spy,Neutral
82,RT Swiftie And the unionizing of newsrooms by UniforTheUnion has had an appalling impact on media credibility And despite taxpayer su,appalling,Negative
83,"RT FPVaughanIII This is sick

Headline should be 

Judge Protects Those Who Groom Kids For Sex

Is grooming minors for sex something C",sick,Negative
84,RT Marvelanne Goodnight All We could of had this Canada could have been saved But stupidity in Ontario Quebec and Atlantic Canada,stupidity,Negative
85,RT Canadianwithat When the going gets tough Justin disappears till the smoke clears  He cant seem to face controversy head on https,tough,Positive
86,ninetynineand Yeah I mean this is Canada and weather is a thing Also we are dealing with a lot old design of c httpstcovsiHkTYh,httpstcovsiHkTYh,Neutral
87,ClixHimself FortniteGame Canada wasnt talking about Tofu during the v so it doesnt count,count,Neutral
88,maneaterdgr who wins tekken at the Canada Cup ,wins,Positive
89,RT ssolyom Canadian voters already held the CPCHQ to account for their relentless reckless lying But it would be nice if you could st,relentless,Negative
90,"She was right then and she is right now
Canada does not need to import hundreds of thousands more barbarians we al httpstcoNohXoiDJ",right,Positive
91,Thats what riles me so andrewscheer couldnt take a breath without bashing justintrudeau amp now he wants sympath httpstcoIOmfBiqP,bashing,Negative
92,Just admit it Bill your government has singled out our Oil amp Gas sector for demolition and it is working Very sad httpstcovppUYKptn,sad,Negative
93,RT derrickokeefe  marched in Montreal and  in Vancouver for climate But we couldnt have a climate debate But several hu,hu,Neutral
94,BBC News  US judge blocks Trump immigrant health insurance rule httpstcolsfYXcS,httpstcolsfYXcS,Neutral
95,RT mmccdenier The new amended Section  of the Canada Elections Act threatens prison terms of up to  years amp fines up to  for,prison,Negative
96,yo anyone from canada or the us fancy dealing me some davids tea,fancy,Positive
97,"RT redmcgraw I think its time in Canada to have full financial disclosures from our politicians candidates and charities 

Canadians",Canadians,Neutral
98,RT ZaidJilani Elizabeth Warrens suggestion that nobody but billionaires would pay higher taxes to fund universal health care is the libe,libe,Neutral
99,RT ONTSpecialNeeds Cellphone ban takes effect Monday for Ontario students  CBC News httpstcovhHShsWg,httpstcovhHShsWg,Neutral
100,Fortnite Account Codename Elf OG Black Knight Season  Mako Full Access httpstcoMtrnOLSGD Fortnite Canada httpstcozXBDuYSpe,httpstcozXBDuYSpe,Neutral
101,"RT StevieTenacious EPISODE  Skate Canada Training Camp

AKA  Ways to Say Fuck My Life httpstcozOrHJhqKLp",httpstcozOrHJhqKLp,Neutral
102,And now we must make sure that JustinTrudeau does not try to undo this cndpoli,cndpoli,Neutral
103,RT jackmintz By becoming a US corporation Encana gets a higher multiple due to US  investor interest  Given oil market prices are the s,s,Neutral
104,"RT MommytaMaldita Goodmorning

No  by Nadine Lustre and Ruby Ibarra 

 iTunes Canada
RampBSoul genre

 httpstcoLJhDGNicT",httpstcoLJhDGNicT,Neutral
105,RT biniamkidaneMD We need to do a better job of prioritizing funding and treatment lungcancer lcsm LungCancerAwarenessMonth tssmn  L,better,Positive
106,RT bradydennis For the th in our washingtonpost series about fastwarming places I traveled to the fragile Magdalen Islands in the Gu,fragile,Negative
107,RT Bandreescu  tho this szn has been insane Blessings on blessingsthank you God amp thank you to everyone who supports me throug,insane,Negative
108,"Yes of course From the moment of Justin Trudeaus decision to run for Liberal leader this was inevitable

What httpstconNbuxJK",inevitable,Negative
109,RT weshagel CoryBMorgan Since  central Canada has been the absentee landlord and we have been the serfs They have given us enough r,absentee,Negative
110,RT maxfawcett My dude please look at the stock charts for US shale companies Look at the bankruptcies that are happening with their own,own,Neutral
111,"RT AdsUpRefugees The emotional moment Amir met the Canadian sponsor team who freed him after more than six years stranded on Manus

Joi",freed,Positive
112,"RT  SPhilip johnjakester I expect they demand some explanation on how this election was conducted
httpstcoHsdbCri
E",E,Neutral
113,"RT FPVaughanIII This is sick

Headline should be 

Judge Protects Those Who Groom Kids For Sex

Is grooming minors for sex something C",sick,Negative
114,RT sarmcbride MLA unhappy after Shawnigan Lake landfill closure deadline extended  CBC News httpstcomjqlBTQ Why is the NDP letti,unhappy,Negative
115,windowmace BustyMustard NoGunsInCanada Respectfully thats a fundamental difference between gun culture in Can httpstcoDLtqcsTQz,httpstcoDLtqcsTQz,Neutral
116,RT DailyNatureshot The Wizards Tree in Victoria BC Canada nature httpstcocftvNhaHiN,httpstcocftvNhaHiN,Neutral
117,"Another great job from JustinTrudeau amp liberalparty 
Bank of Canada lowers growth forecasts says trade conflict httpstcoAXytmTou",great,Positive
118,DublinPride ILoveLGBTPride we had our first Winter Pride in Ottawa Canada this last winter and it was amazing ou httpstcoSrQCIDOh,amazing,Positive
119,Cellphone ban takes effect Monday for Ontario students  CBC News httpstcoOqwmYTdd,httpstcoOqwmYTdd,Neutral
120,National Bank of Canada Launches CAD  Innovation Competition httpstcoWXyAwznS startups,startups,Neutral
121,"RT CoryBMorgan If only Canada could ship them some nice clean burning LNG to help with this particulate emission issue 

Alas we cant",nice,Positive
122,"RT FIHHockey FIH Hockey Olympic qualifiers Match  Ireland vs Canada highlights

RoadToTokyo GiftOfHockey Tokyo

irishhockey",irishhockey,Neutral
123,RT nspector My argument is that the Government of Canada should pursue Canadas national interests in international negotiations and not,interests,Positive
124,"RT FuzzyWuzzyTO Dear Alberta
You know you could organize a mass proCanada rally and show the silly Wexiteers what a tiny minority th",silly,Negative
125,RT CdnEncyclopedia DYK the Cdn govt introduced DaylightSavingTime in  to increase productivity during WWI A prebreakfast hour o,o,Neutral
126,Rogue State bullies Japan httpstcoaaqXIEVN Poland Ukraine Belarus Czech Slovakia Romania Finland Canada Greece Turkey,bullies,Negative
127,RT Imamofpeace State Department says Iran still biggest state sponsor of terror spends B per year on proxies Theres no Iranian Embas,terror,Negative
128,"RT AdsUpRefugees The emotional moment Amir met the Canadian sponsor team who freed him after more than six years stranded on Manus

Joi",freed,Positive
129,RT DianeMariePosts Woukd Mr Kenney please explain why the taxpayers of Canada must bail out a province with highest percapita incomes,incomes,Neutral
130,TokyoTom aSinister CrispyCX wiaceka JohnPisulaMBA AtomsksSanakan nedau Overppm GillesnFio JpiersM httpstcozsIOFLN,httpstcozsIOFLN,Neutral
131,RT Mariola Canadas seniors are becoming the new face of homelessness  Trudeau is turning Canada into third world country but w,w,Neutral
132,BAFTAScotland SynchronicityF BBCOne Congratulations Now if only CBCEnt would pick up The Cry for those of us httpstcoGuRMmCjGW,httpstcoGuRMmCjGW,Neutral
133,RT bimvision  voices need to shout louder longer amp farther Canada is worth every voice WE MUST SAVE OUR COUNTRY AT ALL COST ht,louder,Negative
134,"RT CoryBMorgan billion Pacific NorthWest LNG project by Petronas Bhd CANCELLED 

 Nexens billion Aurora LNG project CANCELLED",Aurora,Neutral
135,"HELP SAVE   KIDS THE HUB
RICHMOND HILL ONTARIO CANADA
IT COULD BE YOUR DAUGHTER OR SON
David thompson marfred art httpstcoZaGrrVONku",httpstcoZaGrrVONku,Neutral
136,RT Mariola Canadas seniors are becoming the new face of homelessness  Trudeau is turning Canada into third world country but w,w,Neutral
137,"RT mannyottawa WARNING  
If you are triggered about ClimateCrisis and as afraid as GretaThunberg dont read this tweet

China
",afraid,Negative
138,"RT FairVoteCanada This  This is why electoralreform matters
JustinTrudeau theJagmeetSingh ElizabethMay
 
New Zealand got rid of ",of,Neutral
139,RT IDFSF Terroralert speakers to be rolled out across the US UK Canada Australia and NZ In the unlikely event of a terror attack,unlikely,Negative
140,RT PapaJohns Just ordered PapaJohns Use promo code PAPATRACK for  off your next regular menu price order US amp Canada online only,only,Neutral
141,RT stephenfgordon TFW the Newspaper of Record takes a tweet of yours uses it as a springboard for a story and reproduces the graph you m,m,Neutral
142,RT NataliaMateo The purpose of Trudeaus deficits are to hamstring Canada for decades with enormous interest and the requirement for ev,ev,Neutral
143,Youre amazing DrJulietDonald,amazing,Positive
144,RT maureenpolitics Im at a total loss as to the hate geared toward the west I have always loved Canada but lately Im more and more uns,loss,Negative
145,RT janelleybelley For every antiAlberta tweet I read it makes me hate my fellow Canadians and makes me want to separate even more Thi,hate,Negative
146,RT presscoreca Technically Justin Trudeau was defeated in the  election Canadas Governor General and House of Commons considers a,defeated,Positive
147,RT CitaSchijven So cute this soulmates  Inigo said that Maris is his favourite partner in performing and in everything Soulmates indeed,cute,Positive
148,RT LaughOutNOW CANT MAKE A RECOVERY MEETING here is a FREE alternative Recovery Filmdoc to subsitute addiction amp mental health FREE F,F,Neutral
149,What a night for IreWomenHockey Start rebooking your tickets to Tokyo  Olympics  ,Olympics,Neutral
150,Are you planning on IncorporatingABusiness in Canada Here is what you need to know before you get started httpstcopZuGShp,httpstcopZuGShp,Neutral
151,RT sunlorrie A dangerous new law Basically it turns what should be at worst a civil defamation case into a criminal matter Its using,dangerous,Negative
152,Monash University researcher puts the question of race at the centre of robotics httpstcoZugmNhbYu,httpstcoZugmNhbYu,Neutral
153,RT whitloww Im loving it Lets do it Spring  HBCU Tour Start in alphabetical order and come to the best HBCU there is Alabama S,loving,Positive
154,RT JamesMelville Denmark pays its students  a month to go to university and charge no tuition fees Students are seen as an investm,investm,Neutral
155,"RT KawaiiStacieYT The Sims  Discover University Giveaway

 Winners
Ends 

Enter httpstcoTjHzpgKR httpstcosSeZXCI",httpstcosSeZXCI,Neutral
156,Clickbank University httpstcoXnThBEuTvb,httpstcoXnThBEuTvb,Neutral
157,RT esmemurphy Huge ovation for BernieSanders as he arrives with his wife Jane at Williams Arena at University of Mn httpstcoqULD,ovation,Positive
158,"RT electionadvent In just  days you can let the BList Fake University Founder In Chief see what you believe
Make absolutely sure ev",ev,Neutral
159,"RT USCUPDiliman IskoOps

The University Student Council is extending its help to the victims of the earthquakes in Mindanao through a do",do,Neutral
160,RT trtlangu Langston University  will definitely show you all the love  httpstcoToSAyK,love,Positive
161,RT USTechWorkers SenatorDurbin The guy who shot this video went to a visa mill university worked for a body shop company called Genpact,worked,Positive
162,"Monday in the CRC
Northern State University  
Hamline  ",Hamline,Neutral
163,CarolineClason LDrogosPhD I am first gen university and grad schoolPhD in a large family apart from one perso httpstcoLOPSsTsli,httpstcoLOPSsTsli,Neutral
164, Gabriel Zucman and Emmanuel Saez awardwinning professors of Economics at the University of California Berkeley,Berkeley,Neutral
165,RT geoffpwade New Zealand Before Auckland you had the University of Waikato Concerns as swordwielding men waving Chinese flag marc,marc,Neutral
166,RT lokinhei Student reporters from Baptist University of Hong Kong arrested by Hong Kong Police when he was filming the clash at Tai Ko S,clash,Negative
167,RT brownchipper I know hes paid to win football games at this University but I will stand behind this kind of leadership always He is,win,Positive
168,BrexitCentral Why would anyone listen to this man He voted for university fees and he could have stopped it,it,Neutral
169,"RT GregRubini  the whistleblower Eric Ciaramella attended Yale University
Department of Linguistics

BA in 

 
httpstcoIcDI",httpstcoIcDI,Neutral
170,RT ShafiqaZairina Was in Copenhagen last month and its  apparent their way and view of life is just so different from developing nations,nations,Neutral
171,Take it,it,Neutral
172,RT gottalovetrey MY FAM IS MISSING FROM THE ATLANTA AREA SHES A STUDENT A CLARK ATLANTA UNIVERSITYRETWEET AND SHARE PLEASE  httpst,httpst,Neutral
173,"RT gifdsports Matthew Judon went to Body built by taco bell university 
httpstcoMyuQyWSfZg",httpstcoMyuQyWSfZg,Neutral
174,Monash University researcher puts the question of race at the centre of robotics httpstcoevxsYRnDUd,httpstcoevxsYRnDUd,Neutral
175,ageeelyyy Good day Yes but please be advised that payments made via bank get reflected on your UE account on the httpstcoiwTcYd,httpstcoiwTcYd,Neutral
176,RT JudicialWatch In the midst of a human rights crisis amp violent prodemocracy manifestations in China JW has obtained records that expo,crisis,Negative
177,RT tnitne A Cornell University study found that men overestimate their abilities and performance while women underestimate both A Hew,underestimate,Negative
178,trump university majors be like damn i got a racist failing business model due this friday,trump,Positive
179,"RT GregRubini  the whistleblower Eric Ciaramella attended Yale University
Department of Linguistics

BA in 

 
httpstcoIcDI",httpstcoIcDI,Neutral
180,RT gottalovetrey MY FAM IS MISSING FROM THE ATLANTA AREA SHES A STUDENT A CLARK ATLANTA UNIVERSITYRETWEET AND SHARE PLEASE  httpst,httpst,Neutral
181,RT gottalovetrey MY FAM IS MISSING FROM THE ATLANTA AREA SHES A STUDENT A CLARK ATLANTA UNIVERSITYRETWEET AND SHARE PLEASE  httpst,httpst,Neutral
182,RT ChidiOdinkalu Vitalis Lanshima lost both hands in  electrocution accident in  Since then hes completed his degrees in communica,lost,Negative
183,Such ignorance,ignorance,Negative
184,RT MaydayReal Immigration checkpoint I  and University They have a bus and taking ppl in the Boston Market parking lot and checking e,e,Neutral
185,RT esmemurphy Huge ovation for BernieSanders as he arrives with his wife Jane at Williams Arena at University of Mn httpstcoqULD,ovation,Positive
186,"RT MarieResists A Purdue University student was denied the purchase of an OTC cold medicine by CVS by employees at an Indiana store

Af",denied,Negative
187,MarieDackes dungbeetles and machinelearning httpstcoJDNcgTnoo,httpstcoJDNcgTnoo,Neutral
188,University of Technology Sydney UTS is organising the Australian Enterprise Architecture Summer School February httpstcoxaxXviwN,httpstcoxaxXviwN,Neutral
189,ChootyNangi Sajith has a MSC if im not mistaken and  a  degree  from  University  of  London im not a supporter httpstcoCINKAxZa,mistaken,Negative
190,LEDs cause depression,depression,Negative
191,RT gottalovetrey MY FAM IS MISSING FROM THE ATLANTA AREA SHES A STUDENT A CLARK ATLANTA UNIVERSITYRETWEET AND SHARE PLEASE  httpst,httpst,Neutral
192,RT XbFilm Thalapathy Shoot going on in Delhi University XbFilm,University,Neutral
193,RT ossoff Community cleanup w young leaders at Clark Atlanta University Thanks for inviting me SUPPORT HBCUs httpstcoslldSC,httpstcoslldSC,Neutral
194,RT thedevil To all the whatapp university student vivekagnihotri SirPareshRawal AnupamPKher madhukishwar ArnabGoswamiRtv https,https,Neutral
195,RT holyangel NOW HAPPENING The Holy Angel University General Assembly for employees is ongoing at the University Theatre httpst,httpst,Neutral
196,"RT gifdsports Matthew Judon went to Body built by taco bell university 
httpstcoMyuQyWSfZg",httpstcoMyuQyWSfZg,Neutral
197,RT GregRubini  in  the whistleblower Eric Ciaramella led a protest against the firing of an Arabic professor at Yale University,led,Positive
198,RT RayButton Wassup bro Im telling you now Carolina is a great place to call homeJoin the family and lets get to work httpstco,great,Positive
199,"RT txtonnews Q Soobins major if hell go to an ordinary university

 psychology
 but the things to study was difficult than i assum",hell,Negative
200,RT kuncuIt Yutas short hair is not real It was a social experiment conducted by Harvard University The experiment is now over His lon,lon,Neutral
201,RT gottalovetrey MY FAM IS MISSING FROM THE ATLANTA AREA SHES A STUDENT A CLARK ATLANTA UNIVERSITYRETWEET AND SHARE PLEASE  httpst,httpst,Neutral
202,RT tnitne A Cornell University study found that men overestimate their abilities and performance while women underestimate both A Hew,underestimate,Negative
203,"RT YahooSG Thailand has welcomed Huawei with open arms allowing it to set up a test bed at a major university near Bangkok

httpstc",httpstc,Neutral
204,RT UofIowaRS We are excited to announce that the  Running Symposium will be held  February st and nd at the University Of Iowa in,excited,Positive
205,RT gottalovetrey MY FAM IS MISSING FROM THE ATLANTA AREA SHES A STUDENT A CLARK ATLANTA UNIVERSITYRETWEET AND SHARE PLEASE  httpst,httpst,Neutral
206,RT USTechWorkers SenatorDurbin The guy who shot this video went to a visa mill university worked for a body shop company called Genpact,worked,Positive
207,RT NANDINI smitabarooah divya During university days a big safety pin  baksua  did the job for me in DTC buses ,buses,Neutral
208,RT GregRubini  in  the whistleblower Eric Ciaramella led a protest against the firing of an Arabic professor at Yale University,led,Positive
209,RT AriLennox Southern University was so fucking fire I only want to perform for yall for the rest of my life,fucking,Negative
210,LangleyBC university dominated on the court and on the ice httpstcoaPugcRt,dominated,Positive
211,"RT RWPUSA Paula White is to religion what Trump University was to higher education  a fraud

Paula White Newest White House Aide Is a",fraud,Negative
212,RT LundVision MarieDackes dungbeetles and machinelearning httpstcoJDNcgTnoo,httpstcoJDNcgTnoo,Neutral
213,RT DAYYYYY Yall please RT share and like this picture of this young lady her name is Alexis Crawford She attends Clark Atlanta Univ,like,Positive
214,Koç University is offering Chinese Master and PhD admitted candidates a  tution scholarship an attractive  httpstcoXETpJavxZx,attractive,Positive
215,RT Daffodil Aww shes the one who told Khunnie she has been his fan for years and just graduated from university I like that he patt,like,Positive
216,RT gottalovetrey MY FAM IS MISSING FROM THE ATLANTA AREA SHES A STUDENT A CLARK ATLANTA UNIVERSITYRETWEET AND SHARE PLEASE  httpst,httpst,Neutral
217,RT billmckibben Harvards refusal to divest from fossil fuels has turned alumni into activists today they announce a slate of candidates,refusal,Negative
218,RT tnitne A Cornell University study found that men overestimate their abilities and performance while women underestimate both A Hew,underestimate,Negative
219,RT byulsexual reality in BLACK showcase will be on  november at kyung hee university grand peace palace and is scheduled to be h lon,grand,Positive
220,RT ProdigyEastonNE Prodigy Easton Elite U Vokouns   CUtil Tataum Peery showed off her skills amp  mph exit velo during the,the,Neutral
221,RT AHSmedia Minister of Health Tyler Shandro stopped by the University of Alberta Hospital after his evening drive to yeg to say thank,thank,Positive
222,RT tnitne A Cornell University study found that men overestimate their abilities and performance while women underestimate both A Hew,underestimate,Negative
223,RT jaydendelaura I would love to thank you man above for blessing me with an offer from The OHIO State University OhioStateFB bangu,love,Positive
224,RT ezracheungtoto Just in Local paper mingpaocom confirms that this firstaid volunteer is a freshman from Hong Kong Shue Yan Universit,Universit,Neutral
225,I NB Crash cleared at Exit   University Boulevard All lanes open following crash httpstconDFoPmsz,cleared,Positive
226,RT gottalovetrey MY FAM IS MISSING FROM THE ATLANTA AREA SHES A STUDENT A CLARK ATLANTA UNIVERSITYRETWEET AND SHARE PLEASE  httpst,httpst,Neutral
227,RT BLUSHINGKOOK oomfs are you in collegeuniversity high school or neither btstwt httpstcolMIzHHJ,httpstcolMIzHHJ,Neutral
228,RT tnitne A Cornell University study found that men overestimate their abilities and performance while women underestimate both A Hew,underestimate,Negative
229,"Sansthrika
Joint project with Rotaract Club of University of Kelaniya Sri Lanka
RID 
It was great experience to httpstconTynOcBvfU",great,Positive
230,RT whitloww Im loving it Lets do it Spring  HBCU Tour Start in alphabetical order and come to the best HBCU there is Alabama S,loving,Positive
231,RT lokinhei Student reporters from Baptist University of Hong Kong arrested by Hong Kong Police when he was filming the clash at Tai Ko S,clash,Negative
232,RT Justinparksss Had a great visit at The University of Tennessee yesterday  RecruitTheDale DexPreps DansleyAnsley VolFootball ,great,Positive
233,"RT RiaRevealed Beside CBSE ICSE IGCSE IBO state boards n Cambridge University India has started with a new syllabus thats
WhatsApp",WhatsApp,Neutral
234,"RT DangitBird From a University of North Dakota custom intro bio textbook drove the Mandan tribe of North Dakota to extinction
",extinction,Neutral
235,RT cnnphilippines  The University of the Philippines Los Baños Graduate School Student Council calls for donations for the quakehit are,are,Neutral
236,RT gottalovetrey MY FAM IS MISSING FROM THE ATLANTA AREA SHES A STUDENT A CLARK ATLANTA UNIVERSITYRETWEET AND SHARE PLEASE  httpst,httpst,Neutral
237,Remember when Buttigieg had crowds like this Me neither NoMiddleGround Bernie,like,Positive
238,RT gottalovetrey MY FAM IS MISSING FROM THE ATLANTA AREA SHES A STUDENT A CLARK ATLANTA UNIVERSITYRETWEET AND SHARE PLEASE  httpst,httpst,Neutral
239,No problem IPOB are waiting for you your alliance with Gowon is questionable,problem,Negative
240,"RT txtonnews Q Soobins major if hell go to an ordinary university

 psychology
 but the things to study was difficult than i assum",hell,Negative
241,RT gottalovetrey MY FAM IS MISSING FROM THE ATLANTA AREA SHES A STUDENT A CLARK ATLANTA UNIVERSITYRETWEET AND SHARE PLEASE  httpst,httpst,Neutral
242,RT ItsJustKy Now Who done took over Aris page httpstcoEqWHsiEch,httpstcoEqWHsiEch,Neutral
243,Yes there is DJ and we The Clemson Family cant wait to welcome you and your family officially to Clemson Univers httpstcoVmtpAhZw,welcome,Positive
244,RT tnitne A Cornell University study found that men overestimate their abilities and performance while women underestimate both A Hew,underestimate,Negative
245,"Nike Dunk Low Flyknit University Red White Wolf Grey
Size US ½  
 free shipping Jakarta httpstcoUoUmuPzy",free,Positive
246,RT CourtneyLTanner THREAD For months Ive been reporting for this article requesting records interviewing former staff  talking to s,s,Neutral
247,Im tryna choose you too ,too,Neutral
248,MelissaFloBix Ive always felt called to chaplaincy more than parish ministry university amp militaryVA but this httpstcoyEGCglUW,httpstcoyEGCglUW,Neutral
249,JeffLegwold Allen is a class act who will always credit those around him Hes always handled himself with humili httpstcoLyjkMDIFq,httpstcoLyjkMDIFq,Neutral
250,RiaRevealed Insta University plz add,add,Neutral
251,RT JamesMelville Denmark pays its students  a month to go to university and charge no tuition fees Students are seen as an investm,investm,Neutral
252, cant believe I have to clarify this but hi yall my name is Rebecca Im in my last year of university and thi httpstcogRLBDTHocZ,httpstcogRLBDTHocZ,Neutral
253,RT HalFairchild kzshabazz PratherLab jackmonell What is it like to be a Black faculty member on a predominantly White university campu,like,Positive
254,RT gottalovetrey MY FAM IS MISSING FROM THE ATLANTA AREA SHES A STUDENT A CLARK ATLANTA UNIVERSITYRETWEET AND SHARE PLEASE  httpst,httpst,Neutral
255,RT gottalovetrey MY FAM IS MISSING FROM THE ATLANTA AREA SHES A STUDENT A CLARK ATLANTA UNIVERSITYRETWEET AND SHARE PLEASE  httpst,httpst,Neutral
256,"RT KVOA University of Arizonas decision to change their abbreviation makes it onto Saturday Night Lives Weekend Update

httpstco",httpstco,Neutral
257,RT CollegeDemsWI Marquette University College Democrats canvassing today for yearwin   httpstcorOuAovEA,httpstcorOuAovEA,Neutral
258,RT DAYYYYY Yall please RT share and like this picture of this young lady her name is Alexis Crawford She attends Clark Atlanta Univ,like,Positive
259,RT Obefiend Cant have this here Boomers will tell grandfather stories like aku dulu masa student makan pasir cecah kencing lipas to s,like,Positive
260,"RT TookJYH Official    JUNG YONG HWA LIVE STILL  IN SEOUL
STILL
정용화 YongHwa 
씨엔블루 CNBLUE

Fanclub Prepurc",Prepurc,Neutral
261,RT AryaUdry My department of Geoscience at UNLV University of Nevada Las Vegas is looking for an assistant professor in paleobiologypa,paleobiologypa,Neutral
262,"UNDPBiH 
I MOHAMED YUSSUF IS WELL EDUCATED PERSON AND I ALSO I HAVE DISCOVERED MY FOUR PRINCIPLE OF THE HUMAN BRAI httpstcoxeThHuH",httpstcoxeThHuH,Neutral
263,RT TorontoStar Her father was killed by the Taliban for championing his daughter to get an education In  Roya Shams escaped to Cana,killed,Negative
264,RT TarekFatah Are you serious The Muslim Brotherhood and JamaateIslami is drenched with engineers and physicians not Muslims sufferin,sufferin,Neutral
265,"RT theworldindex The top  countries for future skills education

 Finland
 Switzerland
 New Zealand
 Sweden
 Canada",top,Positive
266,RT TarekFatah Are you serious The Muslim Brotherhood and JamaateIslami is drenched with engineers and physicians not Muslims sufferin,sufferin,Neutral
267,RT educationgadfly How do we best help students who are several grade levels behind Its a vital question But the very fact that its a,best,Positive
268,"RT hari Dear SenatorDurbin Do you read your own chicagotribune  Did you miss this  httpstcoOJDxOaw
International kids are",miss,Negative
269,RT jimduffus MitchWheeler TorontoStar This issue isnt about Western Canadas alienation its about eastern  Canadas indifference t,issue,Negative
270,RT mmccdenier Scheers description of his past as an insurance broker also could expose him to legal danger since the law criminalizes,danger,Negative
271, not accurate Ontario students are  or more years behind their peers These are often autistic students excluded httpstcolLxhFWZZs,accurate,Positive
272,RT dbudlovsky November is Indigenous Education Month TDSB An opportunity to focus on treaties the legacy of residential schools as w,w,Neutral
273,RT TarekFatah Are you serious The Muslim Brotherhood and JamaateIslami is drenched with engineers and physicians not Muslims sufferin,sufferin,Neutral
274,RT TorontoStar Her father was killed by the Taliban for championing his daughter to get an education In  Roya Shams escaped to Cana,killed,Negative
275,"RT theworldindex The top  countries for future skills education

 Finland
 Switzerland
 New Zealand
 Sweden
 Canada",top,Positive
276,RT edinclusive Australia is generations behind to other world education jurisdictions such as New Brunswick in Canada failing not only,failing,Negative
277,RT TorontoStar Her father was killed by the Taliban for championing his daughter to get an education In  Roya Shams escaped to Cana,killed,Negative
278,RT MaxBlumenthal Sanders also called Hugo Chavez who won far more hotly contested elections than he ever had amp who provided homes and fr,won,Positive
279,RT mmccdenier Scheers description of his past as an insurance broker also could expose him to legal danger since the law criminalizes,danger,Negative
280,RT Anniekidder Education is the key to reconciliationif we educate  Indigenous children and nonIndigenous children about each other,other,Neutral
281,RT BJGrant AMEN httpstcolpVjFiZEf,httpstcolpVjFiZEf,Neutral
282,RT MaxBlumenthal Sanders also called Hugo Chavez who won far more hotly contested elections than he ever had amp who provided homes and fr,won,Positive
283,RT DashLalonde Due to the policies of our Pedominster our education system and courts are openly supporting the indoctrination of sexual,openly,Positive
284,"RT theworldindex The top  countries for future skills education

 Finland
 Switzerland
 New Zealand
 Sweden
 Canada",top,Positive
285,"RT JCSDAthletics PIAA State Soccer Matchups are Official

All games are Tuesday November 

A Girls
EJ vs Mountain View   Midd W",W,Neutral
286,legolokante Halifax Town,Town,Neutral
287,"RT MUFLL Final in Halifax  for DalLacrosse over StFXmenslax

That makes  championships and  consecutive wins for the Tigers",wins,Positive
288,Anyone on here that dread Xmas because of depression and grief over losing loved ones or am I the only one Im ser httpstcoxPlHjpKMp,dread,Negative
289,hwcalderdale How about def plans for which a and e will remain open Is ir Halifax or hudds Dont expect a reply,reply,Neutral
290,Were back to standard time amp were playing some timely tunes abouttime pm newscotradio Halifax httpstcoTMzIIsY,timely,Positive
291, Charles Rd Timberlea Halifax httpstcoQtFfKS,httpstcoQtFfKS,Neutral
292,Nervous to apply for a job like Project Coordinator at PCL Construction Apply even if youre not a  match Y httpstcojPduQXkZ,like,Positive
293,Coach to Potential not Performance Thanks certifiedcoach for the halifax workshop,workshop,Neutral
294,Halifax Not interested in Nicoll as mayor  Halifax is ready for a woman mayor she however would not be my choice,ready,Positive
295,RT jsrawlings Congrats to Madison Sloan pictured and Kiana Figueroa for Extended Display at the Halifax Art Festival  Go Breezevcss,Breezevcss,Neutral
296,RT jsrawlings Congratulations to Hannah Rice for Best of Show at Halifax Art Festival  Go Breezevcsspirit httpstcouHaveSyDL,httpstcouHaveSyDL,Neutral
297,RT karenkho In Halifax earlier this year I met a white woman whose preteen kid was obsessed with BTS This tweet ignores the bands glo,glo,Neutral
298,Just finished up my Halifax craft show One more stop in PEI then I get to COME HOME,HOME,Neutral
299,"SundayCoffeeHouse starts at pm AT Check it out at httpstcowMbSWh
SunCoffeeHouse

 Folk Halifax httpstcoktovpXIUED",httpstcoktovpXIUED,Neutral
300,RT NanMcFadgen HRP have said the vehicle would help them address the everchanging number of issues they encounter while providing a le,issues,Negative
301,gmcgillivray Welcome the roads of hell halifax,hell,Negative
302,"RT EzekielANovel Exceptionally still autumn duck on the Halifax River Ormond Beach Florida snapthesun StormHour 

httpstcoNwSu",httpstcoNwSu,Neutral
303,"RT EzekielANovel Jaws at sunset on the Halifax River Ormond Beach Florida snapthesun stormhour 

httpstcoNwSuYmeox httpstc",httpstc,Neutral
304,"Which word do you use
Halifax NovaScotia Maritimer",Maritimer,Neutral
305,morgfair kcorr Hey Happy Birthday Big Guy from Halifax Nova Scotia,Scotia,Neutral
306, Rosedale Ave Halifax Halifax httpstcodKplFcO,httpstcodKplFcO,Neutral
307,RT EACwilderness The annual Halifax Examiner subscription drive is on Support outstanding investigative journalism you wont find anywhe,outstanding,Positive
308,"RT EzekielANovel Jaws at sunset on the Halifax River Ormond Beach Florida snapthesun stormhour 

httpstcoNwSuYmeox httpstc",httpstc,Neutral
309,RT BishopsCellar Just a few of the new brews in store this weekend BigSpruceBrew GreatLakesBeer boxingrockbeer Halifax SundayFunday,SundayFunday,Neutral
310,"I have been through this myself and i am now  Have an AMAZING birthday bug guy

Your NEW friends in Halifax Nova Scotia",bug,Negative
311,okay but like what if the minute i graduate i just moved back to halifax,like,Positive
312,RT mrobinsonpoet This fancy poetry thing is tomorrow Halifax Some great readers will be there I will also be reading httpst,fancy,Positive
313,RT haligonia Headlines  Ever wonder how many people pass through the HIAA per year Heres some Halifax Stanfield International Airport,wonder,Positive
314,RT hfxgov Beginning Monday the Woodside Ferry will operate on minute service due to mechanical issues with of one of its vessels the,issues,Negative
315,NLWildlife Marner Tavares MapleLeafs I have been through this myself and i am now  Have an AMAZING birth httpstcoESxflnaP,httpstcoESxflnaP,Neutral
316,RT mrobinsonpoet This fancy poetry thing is tomorrow Halifax Some great readers will be there I will also be reading httpst,fancy,Positive
317,B Frederick Ave Halifax Halifax httpstcogjFSRYbNK,httpstcogjFSRYbNK,Neutral
318,Mum  who died after altercation pictured as murder probe launched  Men Boys need to keep their hands to thei httpstcogpQSlGoZf,died,Negative
319,Re FC Halifax V Torquay United  Why was Duku not on the bench yesterdayProbably because we dont need him httpstcoBBtnNrIM,httpstcoBBtnNrIM,Neutral
320,"
A Lovely Tranquil Image",Image,Neutral
321,RT karenkho In Halifax earlier this year I met a white woman whose preteen kid was obsessed with BTS This tweet ignores the bands glo,glo,Neutral
322,Im at Starbucks in Halifax NS httpstcoSUrBaIisJ,httpstcoSUrBaIisJ,Neutral
323,RT NikiJabbour Im excited to be talking about my recent TasteCanada Book Award on globalhalifax Monday morning at  am  Plus Ill,excited,Positive
324,Can I ask that you vote for Halifax as LGBT friendly financial institution if you have not done already Cut off i httpstcoHSJBbnEXKR,friendly,Positive
325,RT tribe Halifax is now streaming PLAYERUNKNOWNS BATTLEGROUNDS httpstcodwSsXAuz,httpstcodwSsXAuz,Neutral
326,Veronicaromm deAdder There was this one though httpstcoYlfLWeq,httpstcoYlfLWeq,Neutral
327,Ear glitter from Montreal band Caveboy plus more tunes from Halifax Pop Explosion performers on this weeks FNS httpstcoApMGcqD,glitter,Positive
328,A Central Ave Halifax Halifax httpstcowDaMzzzp,httpstcowDaMzzzp,Neutral
329,whats up everyone Im just thinking about the time I convinced a guy at a bar that Theodore Tugboat was one of the httpstcotuwwWKEOQ,httpstcotuwwWKEOQ,Neutral
330,Sullivans Pond geese getting too aggressive send Dartmouth sen httpstcotflNiJYn lokol halifax,aggressive,Negative
331,Holly Lynch an MP from Halifax proved that with a little bit of heart and ingenuity you can overcome the doldr httpstcoChRbVzmK,ingenuity,Positive
332,whitepeoplelame ZeeZeeMooMoo RedRangeRover Im in Canada but in Vancouver my rent was  for a studio apt httpstcolUffzkCRWa,httpstcolUffzkCRWa,Neutral
333,RT VanityFair Holly Lynch an MP from Halifax proved that with a little bit of heart and ingenuity you can overcome the doldrums go,ingenuity,Positive
334,pm  Engine West St Halifax paged for a CO alarm activation,alarm,Negative
335,thehistoryguy There are remains of an RCAF Halifax which crashed during WW on the Old Man of Coniston,crashed,Negative
336,RT jsrawlings Congrats to Madison Sloan pictured and Kiana Figueroa for Extended Display at the Halifax Art Festival  Go Breezevcss,Breezevcss,Neutral
337,Another nice day in Halifax Besides a stint at the gym and grocery shopping I decided to conduct a review of the httpstcoZOqUrfFCvJ,nice,Positive
338,pm  Halifax Shearwater Weather,Weather,Neutral
339,RT hfxgov Beginning Monday the Woodside Ferry will operate on minute service due to mechanical issues with of one of its vessels the,issues,Negative
340,RT Calderdale Our smart parking system launches tomorrow in Halifax  Use the free app to find areas with available spaces before you par,smart,Positive
341,RT FYNFLNNS FREE TICKETS We have a select number of sponsored tickets available courtesy of a few generous  partners Contact us direc,available,Positive
342,"Heading to the Passport office it has Moved
ACROSS FROM SCOTIASQUARE PARADE SQUARE  Argyle St suite  Hal httpstcoOXYBQxyp",httpstcoOXYBQxyp,Neutral
343,NLWildlife Marner Tavares MapleLeafs Big Happy Birthday from Halifax And you are still smiling  You are inspiring thousands,smiling,Positive
344,someone needs to open a baskin robbins in halifax so i can fuel my ice cream addiction when i comd home for christmas break,break,Negative
345,Life is moving toward us all the time We back away but it keeps pushing toward us Why not step forward and greet it Roshi Joan Halifax,Halifax,Neutral
346,RT WomenInTrucking Congratulations Shelley httpstcouhxzCwMm,httpstcouhxzCwMm,Neutral
347,RT NikiJabbour Im excited to be talking about my recent TasteCanada Book Award on globalhalifax Monday morning at  am  Plus Ill,excited,Positive
348,Halifax is a Sex Knight,Knight,Neutral
349,HollyRHunt Have u seen this woman Last seen near the Lidl on Halifax Road,Road,Neutral
350,RT VanityFair Holly Lynch an MP from Halifax proved that with a little bit of heart and ingenuity you can overcome the doldrums go,ingenuity,Positive
351,yes i am that cryptic person who is always walking around Halifax late at night with either a large plant or a surp httpstcoESbkABsHq,httpstcoESbkABsHq,Neutral
352,RT dixiehockey HudonGerant NHLtoHouston AerosNHL TSlanted helloloui RoundRockTim CrazyTex HouTownLife jwill WSCH,WSCH,Neutral
353,A parade was held tonight for the Hegins Area Little Dawgs and Tri Valley thth grade girls soccer teams  On Sat httpstcoIWzhTUB,httpstcoIWzhTUB,Neutral
354,RT GlobalNB Hundreds of jackolanterns met their demise on Saturday crushed under the mallets of children at the Common Roots Urban Fa,demise,Negative
355,RT dinahbrand WomenExist jonkay CurtisMeliefste Me too What hauled me into this was the attack on the Lenehan protest organising th,attack,Negative
356, Silver Maple Dr Timberlea Halifax httpstcoNqavABs,httpstcoNqavABs,Neutral
357,caveboymusic halifaxbloggers Thank you for two incredible shows Cant wait for the next one here in Halifax ,incredible,Positive
358,Ill be on Global News Halifax tmrw morning at am to chat about a few things coming up amp to perform Make sure to tune in ,in,Neutral
359,RT SunilSarwal Matt Whitman who supported the white supremacist Faith Goldys run for Toronto mayor is running for mayor in Halifax und,supported,Positive
360,Our Horizon Eagles soar and that includes you Ms Ramsey  ,Ramsey,Neutral
361,RT MercenaryXbox Halifax is now streaming PLAYERUNKNOWNS BATTLEGROUNDS httpstcoXsrfqjfR,httpstcoXsrfqjfR,Neutral
362,NCSSA Aspiring Superintendent Program Cohort IV members Dr Michael Sasscer Edenton Chowan Dr Amelia McLeod Le httpstcoQkTDYPjG,httpstcoQkTDYPjG,Neutral
363,RT WardenNAtlantic Another nice day in Halifax Besides a stint at the gym and grocery shopping I decided to conduct a review of the Fle,nice,Positive
364,RT doinallrightbye AsshatsOfHalifax wont be happy until they pave over the common lands Also why do we have to contribute the land p,happy,Positive
365,RT Canada You have to check out this earresistible bunnythemed cafe in Halifax Rabbit Hole Cafe is a charming coffee shop that offers,charming,Positive
366,RT hfxrec Nominate an outstanding group or individual for our  Volunteer Awards The deadline to submit is Dec  httpstcoorok,outstanding,Positive
367,RT EACwilderness Nova Scotia government doubles down on gold mining public says NOPE  Halifax Examiner WaterNotGold nope nspoli no,gold,Positive
368, Rosedale Ave Halifax Halifax httpstcocRdIHuHzA,httpstcocRdIHuHzA,Neutral
369,Halifax WestYorkshire Mum  dies in street in front of late night drinkers after altercation as man held f httpstcouJkGjRPoFh,dies,Negative
370,RT Keontebeals Ill be on Global News Halifax tmrw morning at am to chat about a few things coming up amp to perform Make sure to tu,tu,Neutral
371,Just took an Uber for the first time this afternoon Airport to hotel literally walked out the door and they were httpstcowsxwbMTTm,httpstcowsxwbMTTm,Neutral
372,Anyone smelling smoke in the south end of Halifax  We are currently at pm  its outside but cant source it,smelling,Negative
373,doinallrightbye SackvilleRivers They should just build a new hospital like at Bedford Commons or Dartmouth Cross httpstcomXXEUvpAW,like,Positive
374,RT hfxgov Beginning Monday the Woodside Ferry will operate on minute service due to mechanical issues with of one of its vessels the,issues,Negative
375,RT HalifaxTrails Get wild  Backcountry Wilderness Adventures from Halifax NovaScotia httpstcoyISGGhbX,wild,Negative
376,RT DartmouthLocal Congratulations to Duncan Cameron who has been elected to Provincial Executive for  Halifax County Local  Congratulat,Congratulat,Neutral
377,WordsandGuitar I hope I can still see it in a week when Im back from Halifax,Halifax,Neutral
378,RT TwitCoast Harbour rising Halifaxs harbourfront in  come hell or highwater httpstcoFXMttQpV httpstcoKRvYDz,hell,Negative
379,"RT Dirtystephanie Hot times in halifax Come sample some delicious dessert  I may even have some extra goodies to share
Nov  
Mo",delicious,Positive
380,Mum  who died after altercation pictured as murder probe launched httpstcoUVGayZhTW,died,Negative
381,Halifax named as one of the healthiest towns in the UK httpstcobmGxkTIS,httpstcobmGxkTIS,Neutral
382,coachoncall Grateful for Birch trees a wonderful weekend scheduling a much needed Celebrate Kathy Day friends httpstcotIyYjovil,wonderful,Positive
383,halifax is so damn beautiful ,damn,Negative
384, Fir Lane Tantallon Halifax httpstcoqwJsqElORi,httpstcoqwJsqElORi,Neutral
385,RT MarieMaiReal Geez my friend  httpstcocEtnwVDdt,httpstcocEtnwVDdt,Neutral
386,RT artrockpopfilm Saw this today reecedinsdale  what a lovely tribute xx piecehall Halifax httpstcoOInLrDcQ,lovely,Positive
387,MrMillerCodes Getting on the bike in about  mins Just got home today from keynoting a conference in Halifax Sp httpstcoSHeQCcimMa,httpstcoSHeQCcimMa,Neutral
388,Pleased to have been invited to speak about the influence the voices of families have had in advancing inclusive ed httpstcoJbCpoJMN,httpstcoJbCpoJMN,Neutral
389,"RT HFXAgainstHate Halifax mayoral candidate Matt Whitman supports white power advocate Faith Goldy

nspoli httpstcoUNygHiTfXv",supports,Positive
390,WAITING FOR HOUSEMATE TEACHING HIM NOT TO STEAL MY THINGS OR ANYONES  drinking everything alcoholic in httpstcotKoiNAj,httpstcotKoiNAj,Neutral
391,RT Bandreescu  tho this szn has been insane Blessings on blessingsthank you God amp thank you to everyone who supports me throug,insane,Negative
392,SeanRossSapp Ruffles All Dressed are my absolute favorite chips Thank you Canada,favorite,Positive
393,"RT ComRanker Smartest countries in the world 

 Japan
 Switzerland
 China
 United States
 Netherlands
 Russia
 Belgi",Belgi,Neutral
394,It supposed to snow on Sunday Tell me again why I wanna move to Canada,Canada,Neutral
395,RT cselley Oh snap Caroline and Ben BOTH run Hello reality show Canadas Next Top Mulroney httpstcogrUFmcKdM,httpstcogrUFmcKdM,Neutral
396,ravenking masuruha doubletapper PennyLe wwwillstand MarilynLavala FaithIn USAtruepatriot httpstcoUDXnKiwVu,httpstcoUDXnKiwVu,Neutral
397,"RT mannyottawa Canada vs Quebec 

Immigration values test   vs 
Bill  no religious wear   vs 
Dumping sewage in rivers   vs",rivers,Neutral
398,"RT mannyottawa WARNING  
If you are triggered about ClimateCrisis and as afraid as GretaThunberg dont read this tweet

China
",afraid,Negative
399,"RT LeonardRoxon Calgarybased Encana moving to US due to Trudeau Liberal hostile antiOil policies

Canada loses
Crazed alarmism amp th",hostile,Negative
400,Youre blocked blockhead,blockhead,Negative
401,RT gtlem AB Premier Jason Kenney is playing a dangerous game  The more he bashes Justin Trudeau the less sympathy the rest of Canada,dangerous,Negative
402,Air Canada to wetlease B As  httpstcoXMTnwvlg businesstravel travel,travel,Neutral
403,Charles Chaz Graham Somers was born on October th  in Stratford Ontario Canada,Canada,Neutral
404,unreliable narrator cites unreliable witness as evidence they were saying boourns classic eric jr httpstcouLpaPNcuX,unreliable,Negative
405,"RT WBrettWilson Maybe explain the absence of policy adding a carbon tax to COAL we ship in ever increasing quantities to China

Hint  w",absence,Negative
406,RT Donimil Trudeau jr is the Worst Prime minister Canada has ever had httpstcoIwPpZOxCEO,httpstcoIwPpZOxCEO,Neutral
407,GWayFUN This was before tickets were out Just like when the internet was finding out that it happened But YES httpstcoTkNEPBNP,like,Positive
408,RT OttawaPolitico Something is fundamentally wrong and unbalanced here If this isnt a constitutional challenge then I dont know what,wrong,Negative
409,RT BrazilianReport The Brazilian ruling aligns with similar decisions in the US and Canada Courts in all three countries determined th,th,Neutral
410,"RT liiljujuu HELP MY HUSBAND STAY IN CANADA  Sign the Petition httpstcoVCqXGltVi via CdnChange

Hey I know this is random but my",my,Neutral
411,RT FuzzyWuzzyTO apihtawikosisan Indeed httpstcolxPupWoz,httpstcolxPupWoz,Neutral
412,SeaBus will be sailing every  min from pmuntil the end of the service day with the pm and pm round t httpstcoWRlCNmyHU,httpstcoWRlCNmyHU,Neutral
413,RT romanticboy Californias economy is bigger than Uk Indian France Italy Brazil Canada Finland Australia Denmark Austria Qa,Qa,Neutral
414,RT LotusRancon Canadas Ultramodern Holistic Wellness Shop  MAGNOLIA httpstcobOEINXlm,httpstcobOEINXlm,Neutral
415,tubemapper calendar  print will look great in Canada eh  ,great,Positive
416,Debtridden translation agency says it cant pay its freelancers  but still recruits them  CBC News httpstcoPfduTDvx,httpstcoPfduTDvx,Neutral
417,RT MichelleRempel Still nothing from Trudeau about this httpstcoGBMvPPGEYt,httpstcoGBMvPPGEYt,Neutral
418,"RT LeonardRoxon Calgarybased Encana moving to US due to Trudeau Liberal hostile antiOil policies

Canada loses
Crazed alarmism amp th",hostile,Negative
419,Its time for the US to catch up with the modern economy of Canada and Europe,modern,Positive
420,RT amwcb ravenking masuruha doubletapper PennyLe wwwillstand MarilynLavala FaithIn USAtruepatriot Ag,Ag,Neutral
421,RT GailVazOxlade Here in Canada weve stalled bc of conservatives who like to give our  to their rich friends httpstcouBTvATTlMg,like,Positive
422,MikeHaracz Also need to bring back the CBO burger to Canada loved that chicken burger httpstcowKGLjZXZ,loved,Positive
423,RT dpakman I guess the upshot of realDonaldTrump using dog to insult people now is that hes less likely to misspell it httpstco,insult,Negative
424,btscookybunny Haha I have lived in Calgary as well I noticed that when I watched the video yesterday  Western httpstcoQZFjbzGhSL,well,Positive
425,"RT COsweda Thread

This is the rationale that leftists always gave for allowing unfettered illegal immigration from Mexico

httpstco",unfettered,Positive
426,"RT skerriesred aniobrien Whats a swerf

I cant keep up with my acronyms

Its getting very heavy Canada a weird melting pot right n",weird,Negative
427,RT maureenpolitics Im at a total loss as to the hate geared toward the west I have always loved Canada but lately Im more and more uns,loss,Negative
428,RT derrickokeefe  marched in Montreal and  in Vancouver for climate But we couldnt have a climate debate But several hu,hu,Neutral
429,RT garyfeltham Business investment in Canada is at a year low Why because the Trudeau Liberals are economic illiterates httpst,httpst,Neutral
430,"RT ssolyom Also Canada destroying the shale oil sector in Texas too And creating negative environment for oil amp gas worldwide

Bad Ca",negative,Negative
431,National Bank of Canada Launches CAD  Innovation Competition httpstcoOqmJntolh startup,startup,Neutral
432,RT ballsdotie The Irish Womens Hockey Team have qualified for the  Olympics in Tokyo after a dramatic penalty shootout win over Can,qualified,Positive
433,discovEDT We call these toques in Canada,Canada,Neutral
434,RT ShaunBryan Can someone please help Do sports cards classify as documents when shipping to Canada,Canada,Neutral
435,RT peta If you dont support this dont support Canada Goose httpstcoTkYIpSOc httpstcoCzftTdaLS,support,Positive
436,RT ErinNorrish A bit hypocritical to say the Alberta public sector should take a roll back You just took a  rollback and are still the,hypocritical,Negative
437,Vanessa also says her parents were progressive and moved to Canada in order to give her the opportunity to focus on httpstcoXeyLLtTlo,progressive,Positive
438,RT AlwynFJH Twitter Im only telling you this bc in the Referendum my flatmates were from NZ Canada amp Australia and NONE of them knew t,t,Neutral
439,RT heyhero BrianSachs rachyuen AndrewYang In Canada you get emergency treatment right away But if we need to get imaging tests or,emergency,Negative
440,GlobalJesus DYK that our one store in Little Italy sells more Kimbo coffee than anyone in Canadaespresso,Canadaespresso,Neutral
441,RT sarthakgh three large research teams devoted to detecting coordinated influence campaigns on social media report they found littl,littl,Neutral
442,RT CapcomFighters Canada Cup   Top   CPT  httpstcoaoSpk,httpstcoaoSpk,Neutral
443,"RT kazweida I wouldnt blame Canada if they built a polite privacy hedge and left us to our own devices

httpstcosbIbVMtS",blame,Negative
444,"RT Sons Liberals against winning bigly
kag maga qanon
American football coach is suspended after team scores too much  BBC News",winning,Positive
445,RT FuzzyWuzzyTO apihtawikosisan Indeed httpstcolxPupWoz,httpstcolxPupWoz,Neutral
446,RT CBCEdmonton MacEwan University eyes job cuts tuition hike in wake of grant reduction httpstcolYwySHwwtK httpstcowQtSzbDuw,httpstcowQtSzbDuw,Neutral
447,"RT mannyottawa WARNING  
If you are triggered about ClimateCrisis and as afraid as GretaThunberg dont read this tweet

China
",afraid,Negative
448,RT MississaugaMgs Provinces plans to change gravel pit rules could harm local water natural areas report  Its vital to stop companie,harm,Negative
449,RT amwcb ravenking masuruha doubletapper PennyLe wwwillstand MarilynLavala FaithIn USAtruepatriot Ag,Ag,Neutral
450,RT SithLizz This isnt normal Lmao httpstcothALnEGn,httpstcothALnEGn,Neutral
451,RT Canada If you didnt think poutine was magical enough Torontos Enchanted Poutinerie has got you covered Looking like a mystical de,magical,Positive
452,nspector Canada is being destroyed over the AGW lie  Not going to age well  cc sunlorrie,lie,Negative
453,RT sarthakgh three large research teams devoted to detecting coordinated influence campaigns on social media report they found littl,littl,Neutral
454,Now I know why youre limping all week at the ISHA meeting Get well feel better and Ill see you for a cocktail a httpstcocSfXBALF,well,Positive
455,The lousy and shameful Kahanist demonstration outside of the JSpaceCanada conference shows more than anything ho httpstcoCpfsJuGz,lousy,Negative
456,RT RTEsport The Ireland womens hockey team have qualified for the Toyko Olympics after beating Canada  on penalties in Donnybrook htt,qualified,Positive
457,Is it in Canada tho,tho,Neutral
458,RT angelamorales Joseflor hostiIekyle Im so glad I live in  where gay marriage has been legal since  where people dont e,glad,Positive
459,TrueNorthCentre What the hell is our Canada becoming  Scary is you ask me,hell,Negative
460,"RT FPVaughanIII This is sick

Headline should be 

Judge Protects Those Who Groom Kids For Sex

Is grooming minors for sex something C",sick,Negative
461,RT derrickokeefe  marched in Montreal and  in Vancouver for climate But we couldnt have a climate debate But several hu,hu,Neutral
462,bfornatoro existindirectly Monstermash vonceyb YahooNews janawinter hunterw CEDickson I believe one is httpstcotywMapZ,httpstcotywMapZ,Neutral
463,"GiuliaRozzi LinzDeFranco Haha Americans are so funny
You should try the weather in Canada",funny,Negative
464,Thats it Im officially moving to Canada,Canada,Neutral
465,"RT hari Dear SenatorDurbin Do you read your own chicagotribune  Did you miss this  httpstcoOJDxOaw
International kids are",miss,Negative
466,RT DrGillLeighton Of course not the laziest Prime Minister in Canadian history is having yet another holiday instead liar corrupt r,liar,Negative
467,RT ikwilson Wexit Why some Albertans want to separate from Canada httpstcozDPWKHgAhH,httpstcozDPWKHgAhH,Neutral
468,"RT hrw  Countries Blast China at UN Over Xinjiang Abuses

Albania
Australia
Austria
Belgium
Canada
Denmark
Estonia
Finland
France
Germ",Germ,Neutral
469,MeekMill you gonna ever tour in Canada askmeek,askmeek,Neutral
470,RT VennInnovation Innovation can happen in small rural communities  and looking at the data about New Brunswick and Canada we can se,se,Neutral
471,Michael JustinTrudeau lopezobrador The NDP will never vote out turd boy Singh is here to destroy Cana httpstcoTggSoeR,destroy,Negative
472,RT GailVazOxlade Here in Canada weve stalled bc of conservatives who like to give our  to their rich friends httpstcouBTvATTlMg,like,Positive
473,"UpCanuck GretaThunberg Damn it  billion NOT 

Europe  M
USA  M
Canada  M

 billion people",people,Neutral
474,Glad you asked  I cant keep up either,either,Neutral
475,"RT mannyottawa WARNING  
If you are triggered about ClimateCrisis and as afraid as GretaThunberg dont read this tweet

China
",afraid,Negative
476,RT ksonney My God the train has WiFi Canada is already more civilized than the US,US,Neutral
477,A  survey entitled women and weed asked  women across Canada and the US about their thoughts and habit httpstcoxKQawJDe,weed,Negative
478,RT Sugarda Im a legit sugardaddy trust me Im here to help my real sugarbabies no sex no nude pics just wanna help to pay all yo,trust,Positive
479,RT newmandustin Diving deeper into Oil Differential for Western Canada httpstcojNfinPa,httpstcojNfinPa,Neutral
480,This has to be one of the most bizarre amp stupid thing to happenand for me to read Virtuesignaling PC nonsense a httpstcoUHLqAubW,bizarre,Negative
481,HaveWeAllGoneM The Prince  hoping to get  Trillion No money in oil only in Canada  httpstcoXirukENr,httpstcoXirukENr,Neutral
482,RT Imamofpeace State Department says Iran still biggest state sponsor of terror spends B per year on proxies Theres no Iranian Embas,terror,Negative
483,"RT LeonardRoxon Calgarybased Encana moving to US due to Trudeau Liberal hostile antiOil policies

Canada loses
Crazed alarmism amp th",hostile,Negative
484,"Fave this amp ill send u a name

 Schoolclassmates
 months
 Yes as a fwend
 Nope babae eh
 Nung prac sa httpstcoEmwhWMLPGi",httpstcoEmwhWMLPGi,Neutral
485,RT RickAnderson Grew up in Québec Watched as separatism went through three decades of conflict The constant political uncertainty drove,conflict,Negative
486,RT MikeHudema Bangladesh has been installing  solar systems on residential roofs a month Theyre nearing  million Canada and th,th,Neutral
487,RT OttawaPolitico Something is fundamentally wrong and unbalanced here If this isnt a constitutional challenge then I dont know what,wrong,Negative
488,CantankerousDen CaraPac EssexPR Of course I grew up in Canada There is no inheritance tax there Why a httpstcoQkeBelKcES,httpstcoQkeBelKcES,Neutral
489,RT KieserBill DrGillLeighton Hes not only the laziest PM in Canadian history hes the laziest Canadian in Canadas history,Canadas,Neutral
490,RT nathancullen Not once when a PM from Alberta was trying to force an oil pipeline down our throats here in Northern BC threatening our,threatening,Negative
491,I keep saying Im importing my man And thats on that He ready too Lol But the plan is to head to Canada,ready,Positive
492,RT PapaJohns Just ordered PapaJohns Use promo code PAPATRACK for  off your next regular menu price order US amp Canada online only,only,Neutral
493,RT TheTorontoZoo Now through Nov we are hosting The Great War in Colour A New Look at Canadas First World War Efforts,Efforts,Neutral
494,Idk about Canada but this is completely ligit in Amsterdam mayos a little different thou,thou,Neutral
495,RT CapcomFighters Canada Cup   Top   CPT  httpstcoaoSpk,httpstcoaoSpk,Neutral
496,"RT WBrettWilson WEB POLL Do you think the west separating from Canada is a real possibility 

Take a go Offer your honest opinion h",honest,Positive
497,RT BrettCMajor Lawrence Solomon If Alberta turns separatist the Rest of Canada is in big trouble  Financial Post httpstcotNnzmWU,trouble,Negative
498,RT JCCWhyte In case you missed it there is one woman at the helm NWT elects Canadas only current female premier  CBC News https,missed,Negative
499,erinnmarieeg Lol in Canada you have to paid for ambulance rides which is not cover under free health care,free,Positive
500,RT JacobiteJolly This is a country founded by Conservatives such as John A Macdonald and GeorgeEtienne Cartier for the profoundly cons,profoundly,Positive
501,RT NunzioReal studentsfordemo QueenbeeAxs RTcom I heard the boos from Canada ,Canada,Neutral
502,RT presscoreca Jewish leaders warned the US gov about the Israeli terrorist cell Jewish Defense League Jews know how dangerous they are,warned,Negative
503,temasmith QueenMab NYPop RosalieVermeire I dont know about Canada as Ive not experienced the healthcare t httpstcoMXqNrYeQA,httpstcoMXqNrYeQA,Neutral
504,"RT MommytaMaldita Goodmorning

No  by Nadine Lustre and Ruby Ibarra 

 iTunes Canada
RampBSoul genre

 httpstcoLJhDGNicT",httpstcoLJhDGNicT,Neutral
505,RT sunlorrie A dangerous new law Basically it turns what should be at worst a civil defamation case into a criminal matter Its using,dangerous,Negative
506,RT BMcM How do states holding state leg elections this week stack up in terms of  of women serving as state legislators Not great,great,Positive
507,GGJuliePayette Trudeau must go He did not win popular vote He is cause of west threatening to separate  Trudeau httpstcoKFhcoSfSp,win,Positive
508,RT CODART Rembrandt died OnThisDay  years ago Museums all over the world are celebrating the anniversary of his death with exhibiti,died,Negative
509,RT levinepmc The complete and utter stupidity of Bill Morneaus comments are breathtaking When head offices move the spinoff effect of,stupidity,Negative
510,RT WendyBugliari Loveon elindburg JohnCEllenson lovetogive YDanasmithdutra arapaho janforney Veriphide sprzyslp platoin,platoin,Neutral
511,And how Canadian political parties dont use it internally to elect their leaders either ,either,Neutral
512,"The truth that nobody will admit by PatriarchTree

I am neither a bot nor a Russian myself  My location is way httpstcowBMFKmH",httpstcowBMFKmH,Neutral
513,"RT JacobiteJolly Canada is founded upon principles that recognize the supremacy of God and the rule of law

Stockwell Day httpstc",supremacy,Positive
514,RT janismullan Ha ha ha ha ha ha ha  To all of the asshats who vote Conservative in Alberta You deserve EVERYTHING you are about to loo,loo,Neutral
515,I once finished a fight in Edmonton Canada by exploding a mans ear robinblackmma while commentating the Dave httpstcoaiQrJbtct,httpstcoaiQrJbtct,Neutral
516,RT invisiblepeople Ive visited Edmonton before but today was the st time I walked around downtown in Canadas freezing cold weather,freezing,Negative
517,MStadnek Marvin our transfer payments would help us more in Alberta then helping Canada,helping,Positive
518,RT WeAreCanProud The demonization campaign against Canadas energy industry is making us the suckers of the world and other countries w,w,Neutral
519,RT kritter Trudeau amp Obamas bromance Why havent Dems noticed these are two peas in a pod Trudeau is destroying Canada the same w,w,Neutral
520,"RT ThePeakyBlinder Thomas Shelby MP is making waves in parliament and attracting some attention

All five series of PeakyBlinders ar",ar,Neutral
521,RT narinistan Canadian government is wrongfully deporting my friend who is subject to be hung in Iran for being an atheist Kurd Please r,hung,Negative
522,How muchis on Canadians hands under the B arms deal to Saudi Arabia under Harper More than  people kil httpstcoMzeOcFO,httpstcoMzeOcFO,Neutral
523,komeasy ABC So much to unpack there The US and Canada are made of successive waves immigrants from every cultur httpstcofofPYhjV,httpstcofofPYhjV,Neutral
524,RT bimvision Heads Up Canada Time to open your eyes amp realize Canada is being sold out by every Globalist politician httpstcouCpM,httpstcouCpM,Neutral
525,Making welcome signs for our new friends who arrive in Canada on Wednesday withrefugees RefugeesWelcome httpstcodKqbncS,welcome,Positive
526,"skipandkissme lmao yeah
legit everyone myself included wants to stay with engcanada  
we were super close to httpstcogHPUPQKC",super,Positive
527,RT Bandreescu  tho this szn has been insane Blessings on blessingsthank you God amp thank you to everyone who supports me throug,insane,Negative
528,RT BrazilianReport The Brazilian ruling aligns with similar decisions in the US and Canada Courts in all three countries determined th,th,Neutral
529,Ahhh CONGRATS Quit the job who needs it youre going to the MCR reunion show haha,haha,Neutral
530,Apparently America had left the front door unlocked when Canada came in  more like barged in  and now someone else was at the door,like,Positive
531,RT FuzzyWuzzyTO apihtawikosisan Indeed httpstcolxPupWoz,httpstcolxPupWoz,Neutral
532,RT insideskating YuzuruHanyu made some history of his own in Kelowna  or as BrianOrser put it while waiting for the scores You may,may,Neutral
533,"RT FPVaughanIII This is sick

Headline should be 

Judge Protects Those Who Groom Kids For Sex

Is grooming minors for sex something C",sick,Negative
534,"RT iantyson The calm before
OSLC  The Falls in Niagara Ontario Canada httpstcoahknrcysj",calm,Positive
535,RT sunnshiiny This is the Canada I know amp love What a sweet face and lucky parents to have such a wonderful son httpstcojsWZUnMsv,love,Positive
536,zjlaing Russia interfered in Canadas election last month to try to get the right wing Conservative Andrew Scheer httpstcoyzRMXiJPvQ,right,Positive
537,"RT FPVaughanIII This is sick

Headline should be 

Judge Protects Those Who Groom Kids For Sex

Is grooming minors for sex something C",sick,Negative
538,"RT barstoolsports Shut down Canada and start it all over

httpstcoJuvzzISQy",httpstcoJuvzzISQy,Neutral
539,ekonomy Idk man as far as i understand new York is crazy expensive And Canada is huge so be specific,crazy,Negative
540,RT psmaggi Emergency PVAC slammed Please share and pledge now to rescue Please help a couple of these pups live  Killing for space,space,Neutral
541,gregorykhillis Granted the US system is a mess and needs to change and the Canadian level of mediocrity would be b httpstcogJJrortD,mess,Negative
542,AmyMek lisaturnerdecor In Canada I was listening to police scanner Police attending a domestic dispute later rep httpstcoHNHAsFy,dispute,Negative
543,FAN MapleLeafs AirCanada Maybe Air Canada can sponsor all the Canadian teams instead of just Toronto,Toronto,Neutral
544,MeekMill Yo you ever gonna your in Canada askmeek,askmeek,Neutral
545,i would be SO happy here ,happy,Positive
546,"RT tlshields Canadas seniors are becoming the new face of homelessness
Welcome to Trudeaus Canada where the folks that built this cou",cou,Neutral
547,"RT mannyottawa WARNING  
If you are triggered about ClimateCrisis and as afraid as GretaThunberg dont read this tweet

China
",afraid,Negative
548,TherealTownzy AlbertaGrl Gnosens jkenney RachelNotley No I am not crabby guy just living in  The end of oi httpstcootLuySY,crabby,Negative
549,"RT LeonardRoxon Calgarybased Encana moving to US due to Trudeau Liberal hostile antiOil policies

Canada loses
Crazed alarmism amp th",hostile,Negative
550,RT maureenpolitics Im at a total loss as to the hate geared toward the west I have always loved Canada but lately Im more and more uns,loss,Negative
551,RT FLSTC TorontoStar Now do Dreamy Justins favourite parasite Quebec The one hes willing to break the law for bjobs The one t,parasite,Negative
552,katiewr rjonesx Rainbojangles JayGordonMDFAAP RealTimers Im in Canada  The year after the nasal flu httpstcowDAHRTmVHI,httpstcowDAHRTmVHI,Neutral
553,RT RoyalCdnLegion Project Trauma Support is grateful to the Legion for this generous financial support These funds will allow us to off,grateful,Positive
554,"Waxing my board 
Downtown Capetown and Table Mountain are just over my shoulder Rockin my Canada shirt but  httpstcohFXkIiboF",httpstcohFXkIiboF,Neutral
555,RT presscoreca Liberals worried now more than ever about RCMP investigating Justin Trudeau for obstruction This statement by Liberal MPs,worried,Negative
556,midnite I would but youre in Canada right,right,Positive
557,NucksOnNet Minutes Alberta owes  to national debt as we have been a contributor the entire time You had a li httpstcoBgGGtjVpa,debt,Negative
558,RT sirjamesa This list called the cops on me for being too loud httpstcodpdrEgyv,loud,Negative
559,MonsterCa Got it covered Im takin canada over,over,Neutral
560,"RT CoryBMorgan Energy companies in Alberta are not closing shop 

They are moving 

That is because there are vibrant and viable fossil",vibrant,Positive
561,"RT roisale H SoW EDITION NA  PINS  BYLETH SWEATER GIVEAWAY

TampC 

  winner will be randomly selected via tweetdraw
 rt  reply",winner,Positive
562,"RT NBACanada  Cousins from Canada 

 via okcthunder httpstconfQdbWSdh",httpstconfQdbWSdh,Neutral
563,RT CPSwoveland Yesterday the Alberta Separatists were carrying signs and speaking against socialism in Canada Guess help for truly needy,needy,Negative
564,roywoodjr Weed is legal in Canada this is what happens,happens,Neutral
565,RT EngineersCanada Did you know that as an engineer in Canada you may be covered by Secondary Professional Liability Insurance This uniq,uniq,Neutral
566,JaniceFiamengo Canada is a fascist police state Change my mind,fascist,Negative
567,RT CaptainDick Watch what you tweet new election law chills speech say critics  CBC News httpstcoRMsGjuOFGJ  Wonderful law h,critics,Negative
568,Id say fuck it and be a Mavs fan but Dallas is just as terrible as Canada,fuck,Negative
569,Doesnt deserve to be PM of Canada He is obviously a globalist and has seared his conscience doing only God knows httpstcoBEHidgLTPv,httpstcoBEHidgLTPv,Neutral
570,RT AlwynFJH Twitter Im only telling you this bc in the Referendum my flatmates were from NZ Canada amp Australia and NONE of them knew t,t,Neutral
571,RT PokkenCanada After contributing over  CAD to FrostFire s Pot bonus for PokkenTournamentDX  Ryced has sent a massive co,bonus,Positive
572,Thats it Im moving,moving,Neutral
573,Come join us on  for the next chapter of our Americas Election Series where we will discuss the results of the httpstcolbDCHcao,httpstcolbDCHcao,Neutral
574,RT gilmcgowan Expert mocks wexit argument that Canada would be required to give a Alberta pipeline access to the sea The only thing th,mocks,Negative
575,RT TWilsonOttawa Adam Vaughan is just another far left activist politician living high on the hog with our money and using his urban pri,pri,Neutral
576,RT babyyyg Yall do this every year You hear theres gonna be snow in the weather forecast in NOVEMBER in CANADA why are you sur,sur,Neutral
577,"RT JanetInglis How have they been so easily dismantled in countries like Canada and the UK
Countries with reputations as leaders in the",like,Positive
578,"RT EnjoyNature Snowy mountains and lake in Banff National Park Canada

nature mountains pictures hiking httpstcoiwswnFE",httpstcoiwswnFE,Neutral
579,Can we build a wall around Canada next,next,Neutral
580,Blunt but honest Canada has in effect rejected any illusion  American Nations httpstcoShwHidZH httpstcouYwDwf,honest,Positive
581,"RT leaala JaDinePhilly bentley Canada supports Nadine all the way

NoNadineXRubyOutNow",supports,Positive
582,Or expats living in Canada for that matter Living in Australia You can still co tribute to the Canadian resettlem httpstcortTITYiI,httpstcortTITYiI,Neutral
583,"RT docsozeren This is a naked truth about those socalled leaders of the Muslim world who blamed the West of being hypocrites

Xinjiang",hypocrites,Negative
